password,strength,length,uppercase_count,lowercase_count,digit_count,special_count,has_uppercase,has_lowercase,has_digits,has_special,entropy,strength_label
SHIELD20shield,2,14,6,6,2,0,1,1,1,0,3.807354922,Medium
abc31,0,5,0,3,2,0,0,1,1,0,2.321928095,Very Weak
zsvC2lwRF,2,9,3,5,1,0,1,1,1,0,3.169925001,Medium
383838,0,6,0,0,6,0,0,0,1,0,1,Very Weak
IaurVL9!SDzv8OZ,4,15,7,5,2,1,1,1,1,1,3.906890596,Very Strong
Secure9%,2,8,1,5,1,1,1,1,1,1,2.75,Medium
PASS120pass,2,11,4,4,3,0,1,1,1,0,3.095795255,Medium
Safe9#,2,6,1,3,1,1,1,1,1,1,2.584962501,Medium
uPnSJta8r#F4z6,4,14,4,6,3,1,1,1,1,1,3.807354922,Very Strong
0bw7Nd*tZJvEXSr,4,15,6,6,2,1,1,1,1,1,3.906890596,Very Strong
1234,0,4,0,0,4,0,0,0,1,0,2,Very Weak
s&LpO@eolGDB&29NrW,4,18,7,6,2,3,1,1,1,1,4.05881389,Very Strong
u2ZWdA+Qt5x,2,10,4,4,2,0,1,1,1,0,3.321928095,Medium
xx8wJrGo1,2,9,2,5,2,0,1,1,1,0,2.947702779,Medium
Idy%zyk@1bK#DOr,4,15,4,7,1,3,1,1,1,1,3.773557262,Very Strong
HqvQM$Fd$pS6T#h,4,15,6,5,1,3,1,1,1,1,3.773557262,Very Strong
bxCGg9jlZ0@Tphd,4,15,4,8,2,1,1,1,1,1,3.906890596,Very Strong
abc20,0,5,0,3,2,0,0,1,1,0,2.321928095,Very Weak
YTTD$fCH&$YAbZp,4,15,9,3,0,3,1,1,0,1,3.506890596,Very Strong
4%fmYD6mZdy*DM@^,4,16,5,5,2,4,1,1,1,1,3.75,Very Strong
292929,0,6,0,0,6,0,0,0,1,0,1,Very Weak
Pass6%,2,6,1,3,1,1,1,1,1,1,2.251629167,Medium
5NHVDQ!l@LU$zEi&zP,4,18,9,4,1,4,1,1,1,1,4.05881389,Very Strong
PASS110pass,2,11,4,4,3,0,1,1,1,0,2.913977073,Medium
GUARD160guard,2,13,5,5,3,0,1,1,1,0,3.700439718,Medium
12345678,0,8,0,0,8,0,0,0,1,0,3,Very Weak
x4Hvs$VdtdhsgW4,4,15,3,9,2,1,1,1,1,1,3.506890596,Very Strong
PASS160pass,2,11,4,4,3,0,1,1,1,0,3.095795255,Medium
123123,0,6,0,0,6,0,0,0,1,0,1.584962501,Very Weak
1paof&MdD3b&F4$S,4,16,4,6,3,3,1,1,1,1,3.875,Very Strong
282828,0,6,0,0,6,0,0,0,1,0,1,Very Weak
yMa2kc7DX,2,9,3,4,2,0,1,1,1,0,3.169925001,Medium
abc32,0,5,0,3,2,0,0,1,1,0,2.321928095,Very Weak
LikimfwwLIvWmN9h,4,16,5,10,1,0,1,1,1,0,3.5,Very Strong
ZC6B2KKaQa^7%u,4,14,6,3,3,2,1,1,1,1,3.521640636,Very Strong
GUARD120guard,2,13,5,5,3,0,1,1,1,0,3.700439718,Medium
SECURE90secure,2,14,6,6,2,0,1,1,1,0,3.521640636,Medium
S3@$7tYlBRYe,3,12,5,3,2,2,1,1,1,1,3.418295834,Strong
XtdI9oaNXQ,2,10,5,4,1,0,1,1,1,0,3.121928095,Medium
J4pdtCTQ#R^SHb1m,4,16,7,5,2,2,1,1,1,1,4,Very Strong
PASS30pass,2,10,4,4,2,0,1,1,1,0,2.921928095,Medium
eGm9PaOj,2,8,3,4,1,0,1,1,1,0,3,Medium
313131,0,6,0,0,6,0,0,0,1,0,1,Very Weak
Secure4$,2,8,1,5,1,1,1,1,1,1,2.75,Medium
Ae#!ZKlim8Nejjo92z,4,18,4,9,3,2,1,1,1,1,3.947702779,Very Strong
Safe12%,2,7,1,3,2,1,1,1,1,1,2.807354922,Medium
abc34,0,5,0,3,2,0,0,1,1,0,2.321928095,Very Weak
123451,1,6,0,0,6,0,0,0,1,0,2.251629167,Weak
05yRTsEyLf0z!1jy,4,16,4,7,4,1,1,1,1,1,3.577819531,Very Strong
ZiBC^X5pV*B5P&8%,4,16,7,2,3,4,1,1,1,1,3.75,Very Strong
abc7,0,4,0,3,1,0,0,1,1,0,2,Very Weak
M1vICQDv@032mFQ!v^,4,18,7,4,4,3,1,1,1,1,3.794653474,Very Strong
GUARD60guard,2,12,5,5,2,0,1,1,1,0,3.584962501,Medium
SHIELD60shield,2,14,6,6,2,0,1,1,1,0,3.807354922,Medium
0kJe@XPd2vnU,3,12,4,5,2,1,1,1,1,1,3.584962501,Strong
s7J0Wo7ofs!,3,11,2,5,3,1,1,1,1,1,2.913977073,Strong
dragon,0,6,0,6,0,0,0,1,0,0,2.584962501,Very Weak
af1h5y7LHj5kdV4dRP,4,18,5,8,5,0,1,1,1,0,3.947702779,Very Strong
GUARD10guard,2,12,5,5,2,0,1,1,1,0,3.584962501,Medium
0ZGMWW!FHO1Aj5Bo%,4,17,10,2,3,2,1,1,1,1,3.969815782,Very Strong
Shield15!,2,9,1,5,2,1,1,1,1,1,3.169925001,Medium
TiTJ61s1,2,8,3,2,3,0,1,1,1,0,2.5,Medium
Secure17$,2,9,1,5,2,1,1,1,1,1,2.947702779,Medium
YwWU*sT35xZGBWwP6,4,17,9,4,3,1,1,1,1,1,3.852168724,Very Strong
Safe7@,2,6,1,3,1,1,1,1,1,1,2.584962501,Medium
353535,0,6,0,0,6,0,0,0,1,0,1,Very Weak
abc29,0,5,0,3,2,0,0,1,1,0,2.321928095,Very Weak
Pass17$,2,7,1,3,2,1,1,1,1,1,2.521640636,Medium
Safe8@,2,6,1,3,1,1,1,1,1,1,2.584962501,Medium
323232,0,6,0,0,6,0,0,0,1,0,1,Very Weak
03nFslJg,2,8,2,4,2,0,1,1,1,0,3,Medium
dragon0,1,7,0,6,1,0,0,1,1,0,2.807354922,Weak
N9gO9qvfu,2,9,2,5,2,0,1,1,1,0,2.947702779,Medium
343434,0,6,0,0,6,0,0,0,1,0,1,Very Weak
WsCmgt%hs$TDUOI,4,15,7,6,0,2,1,1,0,1,3.773557262,Very Strong
abc30,0,5,0,3,2,0,0,1,1,0,2.321928095,Very Weak
SECURE180secure,2,15,6,6,3,0,1,1,1,0,3.640223929,Medium
SECURE130secure,2,15,6,6,3,0,1,1,1,0,3.640223929,Medium
272727,0,6,0,0,6,0,0,0,1,0,1,Very Weak
#Y#VGxwRLjfUuN,4,14,7,5,0,2,1,1,0,1,3.664497779,Very Strong
abc24,0,5,0,3,2,0,0,1,1,0,2.321928095,Very Weak
Guard18!,2,8,1,4,2,1,1,1,1,1,3,Medium
454545,0,6,0,0,6,0,0,0,1,0,1,Very Weak
363636,0,6,0,0,6,0,0,0,1,0,1,Very Weak
^2CorbFT2bVi7!e#,4,16,4,6,3,3,1,1,1,1,3.75,Very Strong
999,0,3,0,0,3,0,0,0,1,0,0,Very Weak
gVy$5cp!LbYu3wKF#,4,17,5,7,2,3,1,1,1,1,4.087462841,Very Strong
Guard17!,2,8,1,4,2,1,1,1,1,1,3,Medium
123456,0,6,0,0,6,0,0,0,1,0,2.584962501,Very Weak
baseball,0,8,0,8,0,0,0,1,0,0,2.25,Very Weak
Guard0@,2,7,1,4,1,1,1,1,1,1,2.807354922,Medium
abc3,0,4,0,3,1,0,0,1,1,0,2,Very Weak
tvf33sSoG,2,9,2,5,2,0,1,1,1,0,2.947702779,Medium
PASS150pass,2,11,4,4,3,0,1,1,1,0,3.095795255,Medium
abc37,0,5,0,3,2,0,0,1,1,0,2.321928095,Very Weak
zxcvbn,0,6,0,6,0,0,0,1,0,0,2.584962501,Very Weak
qwerty1,1,7,0,6,1,0,0,1,1,0,2.807354922,Weak
12341,1,5,0,0,5,0,0,0,1,0,1.921928095,Weak
abc43,0,5,0,3,2,0,0,1,1,0,2.321928095,Very Weak
dragon1,1,7,0,6,1,0,0,1,1,0,2.807354922,Weak
Y!U9Ooo7O%^WVrde,4,16,6,5,2,3,1,1,1,1,3.75,Very Strong
abc1,0,4,0,3,1,0,0,1,1,0,2,Very Weak
SECURE80secure,2,14,6,6,2,0,1,1,1,0,3.521640636,Medium
Pass1%,2,6,1,3,1,1,1,1,1,1,2.251629167,Medium
0,0,3,0,0,3,0,0,0,1,0,0,Very Weak
Byxv3Uqr,2,8,2,5,1,0,1,1,1,0,3,Medium
abc12,0,5,0,3,2,0,0,1,1,0,2.321928095,Very Weak
202020,0,6,0,0,6,0,0,0,1,0,1,Very Weak
Pass2#,2,6,1,3,1,1,1,1,1,1,2.251629167,Medium
161616,0,6,0,0,6,0,0,0,1,0,1,Very Weak
abc39,0,5,0,3,2,0,0,1,1,0,2.321928095,Very Weak
Shield12$,2,9,1,5,2,1,1,1,1,1,3.169925001,Medium
0K4agr66,2,8,1,3,4,0,1,1,1,0,2.75,Medium
UHiYQCrzed%x%cOs,4,16,6,8,0,2,1,1,0,1,3.875,Very Strong
Safe3@,2,6,1,3,1,1,1,1,1,1,2.584962501,Medium
7WjuoUg*xW%5JK6,4,15,5,5,3,2,1,1,1,1,3.773557262,Very Strong
3THVR8!4eZX8kf,4,14,6,3,4,1,1,1,1,1,3.664497779,Very Strong
Shield4!,2,8,1,5,1,1,1,1,1,1,3,Medium
iwKX6uNy,2,8,3,4,1,0,1,1,1,0,3,Medium
oWJ2shDZ,2,8,4,3,1,0,1,1,1,0,3,Medium
HmDJTRFuxDeLpG#$Rp,4,18,10,6,0,2,1,1,0,1,3.836591668,Very Strong
Guard14$,2,8,1,4,2,1,1,1,1,1,3,Medium
i5q87Hts,2,8,1,4,3,0,1,1,1,0,3,Medium
5BWJ6ax19,2,9,3,2,4,0,1,1,1,0,3.169925001,Medium
Pass7$,2,6,1,3,1,1,1,1,1,1,2.251629167,Medium
ak5jlp!&p#kUtsfs,4,16,1,11,1,3,1,1,1,1,3.625,Very Strong
Pass11$,2,7,1,3,2,1,1,1,1,1,2.235926351,Medium
07VIL6wIz,2,9,4,2,3,0,1,1,1,0,2.947702779,Medium
abc27,0,5,0,3,2,0,0,1,1,0,2.321928095,Very Weak
Shield10$,2,9,1,5,2,1,1,1,1,1,3.169925001,Medium
Shield11%,2,9,1,5,2,1,1,1,1,1,2.947702779,Medium
qwerty2,1,7,0,6,1,0,0,1,1,0,2.807354922,Weak
PASS100pass,2,11,4,4,3,0,1,1,1,0,2.913977073,Medium
password0,1,9,0,8,1,0,0,1,1,0,2.947702779,Weak
xl8KvqNVVk,2,10,4,5,1,0,1,1,1,0,3.121928095,Medium
Ns8vd9afXLugMC5cV@,4,18,6,8,3,1,1,1,1,1,4.169925001,Very Strong
%0Q9bhstjWIpTmb!h,4,17,4,9,2,2,1,1,1,1,3.852168724,Very Strong
Pass8!,2,6,1,3,1,1,1,1,1,1,2.251629167,Medium
r4ZfjW5X3,2,9,3,3,3,0,1,1,1,0,3.169925001,Medium
Guard15@,2,8,1,4,2,1,1,1,1,1,3,Medium
bCBUn3ZjKqJXF1ogpV,4,18,9,7,2,0,1,1,1,0,4.169925001,Very Strong
51xEOnGs7,2,9,3,3,3,0,1,1,1,0,3.169925001,Medium
Safe2@,2,6,1,3,1,1,1,1,1,1,2.584962501,Medium
GUARD150guard,2,13,5,5,3,0,1,1,1,0,3.700439718,Medium
^Oo*HGu5c#!hTvQCoo,4,18,6,7,1,4,1,1,1,1,3.905764585,Very Strong
Q5vP1$%BUkJ!,3,12,5,2,2,3,1,1,1,1,3.584962501,Strong
222,0,3,0,0,3,0,0,0,1,0,0,Very Weak
C0Xc34yIxu,2,10,3,4,3,0,1,1,1,0,3.321928095,Medium
212121,0,6,0,0,6,0,0,0,1,0,1,Very Weak
Secure19#,2,9,1,5,2,1,1,1,1,1,2.947702779,Medium
Guard3%,2,7,1,4,1,1,1,1,1,1,2.807354922,Medium
9AedlIDH4,2,9,4,3,2,0,1,1,1,0,3.169925001,Medium
Safe17!,2,7,1,3,2,1,1,1,1,1,2.807354922,Medium
GUARD40guard,2,12,5,5,2,0,1,1,1,0,3.584962501,Medium
LBKv8^ffYEYVEiDvj,4,17,9,6,1,1,1,1,1,1,3.616874606,Very Strong
SECURE140secure,2,15,6,6,3,0,1,1,1,0,3.640223929,Medium
555,0,3,0,0,3,0,0,0,1,0,0,Very Weak
GUARD70guard,2,12,5,5,2,0,1,1,1,0,3.584962501,Medium
141414,0,6,0,0,6,0,0,0,1,0,1,Very Weak
3MNWfVshVN,2,10,6,3,1,0,1,1,1,0,2.921928095,Medium
BA7TkwAMfW,2,10,6,3,1,0,1,1,1,0,3.121928095,Medium
Secure2%,2,8,1,5,1,1,1,1,1,1,2.75,Medium
q2WXlwaWN@98PPH,4,15,7,4,3,1,1,1,1,1,3.640223929,Very Strong
PASS10pass,2,10,4,4,2,0,1,1,1,0,2.921928095,Medium
password2,1,9,0,8,1,0,0,1,1,0,2.947702779,Weak
odmIzUg00,2,9,2,5,2,0,1,1,1,0,2.947702779,Medium
C2QgPSkT,2,8,5,2,1,0,1,1,1,0,3,Medium
888,0,3,0,0,3,0,0,0,1,0,0,Very Weak
abc49,0,5,0,3,2,0,0,1,1,0,2.321928095,Very Weak
SECURE150secure,2,15,6,6,3,0,1,1,1,0,3.640223929,Medium
QqqcsbfW2wncJO5v8,4,17,4,10,3,0,1,1,1,0,3.852168724,Very Strong
Pass13%,2,7,1,3,2,1,1,1,1,1,2.521640636,Medium
abc21,0,5,0,3,2,0,0,1,1,0,2.321928095,Very Weak
SAFE60safe,2,10,4,4,2,0,1,1,1,0,3.321928095,Medium
abc4,0,4,0,3,1,0,0,1,1,0,2,Very Weak
111,0,3,0,0,3,0,0,0,1,0,0,Very Weak
INe5aOFBvZ,2,10,6,3,1,0,1,1,1,0,3.321928095,Medium
262626,0,6,0,0,6,0,0,0,1,0,1,Very Weak
SAFE30safe,2,10,4,4,2,0,1,1,1,0,3.321928095,Medium
GUARD0guard,2,11,5,5,1,0,1,1,1,0,3.459431619,Medium
Safe15%,2,7,1,3,2,1,1,1,1,1,2.807354922,Medium
2xtyFnWQe,2,9,3,5,1,0,1,1,1,0,3.169925001,Medium
404040,0,6,0,0,6,0,0,0,1,0,1,Very Weak
PASS140pass,2,11,4,4,3,0,1,1,1,0,3.095795255,Medium
SECURE0secure,2,13,6,6,1,0,1,1,1,0,3.39274741,Medium
SAFE90safe,2,10,4,4,2,0,1,1,1,0,3.321928095,Medium
444,0,3,0,0,3,0,0,0,1,0,0,Very Weak
4!QkaRhdm#A9*ea0b,4,17,3,8,3,3,1,1,1,1,3.969815782,Very Strong
cQ%GRSU&vEUg&@JnLd,4,18,9,5,0,4,1,1,0,1,3.947702779,Very Strong
lyOBWTFJS43#t$MEJ&,4,18,10,3,2,3,1,1,1,1,4.05881389,Very Strong
12345,0,5,0,0,5,0,0,0,1,0,2.321928095,Very Weak
asdfgh123,1,9,0,6,3,0,0,1,1,0,3.169925001,Weak
abc15,0,5,0,3,2,0,0,1,1,0,2.321928095,Very Weak
Shield0@,2,8,1,5,1,1,1,1,1,1,3,Medium
SHIELD0shield,2,13,6,6,1,0,1,1,1,0,3.700439718,Medium
abc0,0,4,0,3,1,0,0,1,1,0,2,Very Weak
171717,0,6,0,0,6,0,0,0,1,0,1,Very Weak
SECURE60secure,2,14,6,6,2,0,1,1,1,0,3.521640636,Medium
RWxfj1hP,2,8,3,4,1,0,1,1,1,0,3,Medium
qwerty,0,6,0,6,0,0,0,1,0,0,2.584962501,Very Weak
SAFE180safe,2,11,4,4,3,0,1,1,1,0,3.459431619,Medium
SHIELD140shield,2,15,6,6,3,0,1,1,1,0,3.906890596,Medium
232323,0,6,0,0,6,0,0,0,1,0,1,Very Weak
SECURE20secure,2,14,6,6,2,0,1,1,1,0,3.521640636,Medium
F$v!XSHTF&k&o5e5,4,16,6,4,2,4,1,1,1,1,3.625,Very Strong
484848,0,6,0,0,6,0,0,0,1,0,1,Very Weak
wE7y7YNC,2,8,4,2,2,0,1,1,1,0,2.75,Medium
Guard13#,2,8,1,4,2,1,1,1,1,1,3,Medium
777,0,3,0,0,3,0,0,0,1,0,0,Very Weak
SAFE10safe,2,10,4,4,2,0,1,1,1,0,3.321928095,Medium
Secure10#,2,9,1,5,2,1,1,1,1,1,2.947702779,Medium
abc5,0,4,0,3,1,0,0,1,1,0,2,Very Weak
111111,0,6,0,0,6,0,0,0,1,0,0,Very Weak
Pass15@,2,7,1,3,2,1,1,1,1,1,2.521640636,Medium
181818,0,6,0,0,6,0,0,0,1,0,1,Very Weak
474747,0,6,0,0,6,0,0,0,1,0,1,Very Weak
abc11,0,5,0,3,2,0,0,1,1,0,1.921928095,Very Weak
Pass3!,2,6,1,3,1,1,1,1,1,1,2.251629167,Medium
#SBC@v$#YSNEd4Kg,4,16,8,3,1,4,1,1,1,1,3.75,Very Strong
zxcvbn123,1,9,0,6,3,0,0,1,1,0,3.169925001,Weak
UPf8WxPMfL,2,10,6,3,1,0,1,1,1,0,2.921928095,Medium
qwerty123,1,9,0,6,3,0,0,1,1,0,3.169925001,Weak
PF5Wb1miKqcJSBqVn,4,17,8,7,2,0,1,1,1,0,3.969815782,Very Strong
Secure6!,2,8,1,5,1,1,1,1,1,1,2.75,Medium
Pass12!,2,7,1,3,2,1,1,1,1,1,2.521640636,Medium
YO37kKY9YD,2,10,6,1,3,0,1,1,1,0,2.846439345,Medium
Safe0%,2,6,1,3,1,1,1,1,1,1,2.584962501,Medium
1111112,1,7,0,0,7,0,0,0,1,0,0.591672779,Weak
SECURE10secure,2,14,6,6,2,0,1,1,1,0,3.521640636,Medium
5dBfZ4OW,2,8,4,2,2,0,1,1,1,0,3,Medium
nVW0@39B2aWy,3,12,4,3,4,1,1,1,1,1,3.418295834,Strong
SAFE80safe,2,10,4,4,2,0,1,1,1,0,3.321928095,Medium
Guard9@,2,7,1,4,1,1,1,1,1,1,2.807354922,Medium
3K2SuEK8,2,8,4,1,3,0,1,1,1,0,2.75,Medium
9tzfgruPplQ0dDWd2,4,17,4,10,3,0,1,1,1,0,3.969815782,Very Strong
12342,1,5,0,0,5,0,0,0,1,0,1.921928095,Weak
WW1qinMqDI,2,10,5,4,1,0,1,1,1,0,2.921928095,Medium
abc26,0,5,0,3,2,0,0,1,1,0,2.321928095,Very Weak
Guard5@,2,7,1,4,1,1,1,1,1,1,2.807354922,Medium
Secure18#,2,9,1,5,2,1,1,1,1,1,2.947702779,Medium
PASS80pass,2,10,4,4,2,0,1,1,1,0,2.921928095,Medium
PASS180pass,2,11,4,4,3,0,1,1,1,0,3.095795255,Medium
Shield9!,2,8,1,5,1,1,1,1,1,1,3,Medium
!QMYxjk00nF,3,11,4,4,2,1,1,1,1,1,3.277613437,Strong
4RcG3WTjMSe4VEc@,4,16,8,4,3,1,1,1,1,1,3.75,Very Strong
Secure1#,2,8,1,5,1,1,1,1,1,1,2.75,Medium
abc33,0,5,0,3,2,0,0,1,1,0,1.921928095,Very Weak
abc47,0,5,0,3,2,0,0,1,1,0,2.321928095,Very Weak
Guard8@,2,7,1,4,1,1,1,1,1,1,2.807354922,Medium
12345670,1,8,0,0,8,0,0,0,1,0,3,Weak
393939,0,6,0,0,6,0,0,0,1,0,1,Very Weak
PASS0pass,2,9,4,4,1,0,1,1,1,0,2.725480557,Medium
kag%gq%w8Hed76cwPj,4,18,2,11,3,2,1,1,1,1,3.836591668,Very Strong
5dLvAqW8K!kwf1f%&c,4,18,4,8,3,3,1,1,1,1,4.05881389,Very Strong
Safe13$,2,7,1,3,2,1,1,1,1,1,2.807354922,Medium
GUARD30guard,2,12,5,5,2,0,1,1,1,0,3.584962501,Medium
yoxuK94R,2,8,2,4,2,0,1,1,1,0,3,Medium
Guard2!,2,7,1,4,1,1,1,1,1,1,2.807354922,Medium
abc44,0,5,0,3,2,0,0,1,1,0,1.921928095,Very Weak
SHIELD50shield,2,14,6,6,2,0,1,1,1,0,3.807354922,Medium
303030,0,6,0,0,6,0,0,0,1,0,1,Very Weak
Shield19@,2,9,1,5,2,1,1,1,1,1,3.169925001,Medium
@A!W8CBe^yVbmAiN,4,16,7,5,1,3,1,1,1,1,3.875,Very Strong
qazwsx,0,6,0,6,0,0,0,1,0,0,2.584962501,Very Weak
SHIELD30shield,2,14,6,6,2,0,1,1,1,0,3.807354922,Medium
SHIELD130shield,2,15,6,6,3,0,1,1,1,0,3.906890596,Medium
t3W7XEHh,2,8,4,2,2,0,1,1,1,0,3,Medium
bDgMs@gEmX*uOaS,4,15,6,7,0,2,1,1,0,1,3.773557262,Very Strong
GUARD90guard,2,12,5,5,2,0,1,1,1,0,3.584962501,Medium
*9IsvKfmr54grTOkQb,4,18,5,9,3,1,1,1,1,1,4.05881389,Very Strong
SHIELD110shield,2,15,6,6,3,0,1,1,1,0,3.773557262,Medium
L03a3FJ!qlZm,3,12,4,4,3,1,1,1,1,1,3.418295834,Strong
GUARD190guard,2,13,5,5,3,0,1,1,1,0,3.700439718,Medium
abc10,0,5,0,3,2,0,0,1,1,0,2.321928095,Very Weak
12340,1,5,0,0,5,0,0,0,1,0,2.321928095,Weak
Safe11#,2,7,1,3,2,1,1,1,1,1,2.521640636,Medium
Shield5$,2,8,1,5,1,1,1,1,1,1,3,Medium
abc22,0,5,0,3,2,0,0,1,1,0,1.921928095,Very Weak
abc48,0,5,0,3,2,0,0,1,1,0,2.321928095,Very Weak
GUARD130guard,2,13,5,5,3,0,1,1,1,0,3.700439718,Medium
Guard10#,2,8,1,4,2,1,1,1,1,1,3,Medium
SAFE150safe,2,11,4,4,3,0,1,1,1,0,3.459431619,Medium
Xlr0JGg8PE,2,10,5,3,2,0,1,1,1,0,3.321928095,Medium
dragon2,1,7,0,6,1,0,0,1,1,0,2.807354922,Weak
SAFE170safe,2,11,4,4,3,0,1,1,1,0,3.459431619,Medium
rZ!JcbUB9gExS#M,4,15,7,5,1,2,1,1,1,1,3.906890596,Very Strong
121212,0,6,0,0,6,0,0,0,1,0,1,Very Weak
fS9oAVAWzG,2,10,6,3,1,0,1,1,1,0,3.121928095,Medium
SECURE30secure,2,14,6,6,2,0,1,1,1,0,3.521640636,Medium
h5pSDkZsLt,2,10,4,5,1,0,1,1,1,0,3.321928095,Medium
12345671,1,8,0,0,8,0,0,0,1,0,2.75,Weak
o^D!&*u7h3APMz%SG,4,17,6,4,2,5,1,1,1,1,4.087462841,Very Strong
12345672,1,8,0,0,8,0,0,0,1,0,2.75,Weak
hBT67Pitg,2,9,3,4,2,0,1,1,1,0,3.169925001,Medium
Shield6@,2,8,1,5,1,1,1,1,1,1,3,Medium
1234562,1,7,0,0,7,0,0,0,1,0,2.521640636,Weak
LXgI9pEd4,2,9,4,3,2,0,1,1,1,0,3.169925001,Medium
414141,0,6,0,0,6,0,0,0,1,0,1,Very Weak
1111111,1,7,0,0,7,0,0,0,1,0,0,Weak
Safe4%,2,6,1,3,1,1,1,1,1,1,2.584962501,Medium
ksyXZ#F7TCYn8$1,4,15,6,4,3,2,1,1,1,1,3.906890596,Very Strong
abc41,0,5,0,3,2,0,0,1,1,0,2.321928095,Very Weak
eI2DUy3pG#XscfR1VS,4,18,8,6,3,1,1,1,1,1,4.169925001,Very Strong
Guard11#,2,8,1,4,2,1,1,1,1,1,2.75,Medium
X7GDD1fHm,2,9,5,2,2,0,1,1,1,0,2.947702779,Medium
1234561,1,7,0,0,7,0,0,0,1,0,2.521640636,Weak
Pass16$,2,7,1,3,2,1,1,1,1,1,2.521640636,Medium
SECURE50secure,2,14,6,6,2,0,1,1,1,0,3.521640636,Medium
SAFE70safe,2,10,4,4,2,0,1,1,1,0,3.321928095,Medium
SHIELD170shield,2,15,6,6,3,0,1,1,1,0,3.906890596,Medium
SHIELD120shield,2,15,6,6,3,0,1,1,1,0,3.906890596,Medium
lkHzNhs7vg,2,10,2,7,1,0,1,1,1,0,3.321928095,Medium
B5q0PuXTq,2,9,4,3,2,0,1,1,1,0,2.947702779,Medium
X93tC76@V4kfka$,4,15,3,5,5,2,1,1,1,1,3.773557262,Very Strong
SHIELD40shield,2,14,6,6,2,0,1,1,1,0,3.807354922,Medium
password1,1,9,0,8,1,0,0,1,1,0,2.947702779,Weak
SHIELD150shield,2,15,6,6,3,0,1,1,1,0,3.906890596,Medium
Secure16@,2,9,1,5,2,1,1,1,1,1,2.947702779,Medium
rM5qCg40sQ3sa2gjdw,4,18,3,10,5,0,1,1,1,0,3.947702779,Very Strong
Secure14%,2,9,1,5,2,1,1,1,1,1,2.947702779,Medium
123456782,1,9,0,0,9,0,0,0,1,0,2.947702779,Weak
#ypv$JBOZcZ$4x$!dO,4,18,6,6,1,5,1,1,1,1,3.683542362,Very Strong
Shield7$,2,8,1,5,1,1,1,1,1,1,3,Medium
mf48GI^H6J7f569pe,4,17,4,5,7,1,1,1,1,1,3.852168724,Very Strong
2Vl%iE9ig4,3,10,2,4,3,1,1,1,1,1,3.121928095,Strong
4Cy17vaGK2*QnBr,4,15,5,5,4,1,1,1,1,1,3.906890596,Very Strong
HyhKF67Zv0,2,10,4,3,3,0,1,1,1,0,3.321928095,Medium
SHIELD100shield,2,15,6,6,3,0,1,1,1,0,3.773557262,Medium
GUARD110guard,2,13,5,5,3,0,1,1,1,0,3.546593564,Medium
mFICfl6@Z1l,3,11,4,4,2,1,1,1,1,1,3.277613437,Strong
JhY3cTMb,2,8,4,3,1,0,1,1,1,0,3,Medium
sz!cL18cMX,3,10,3,4,2,1,1,1,1,1,3.121928095,Strong
494949,0,6,0,0,6,0,0,0,1,0,1,Very Weak
Pass14!,2,7,1,3,2,1,1,1,1,1,2.521640636,Medium
SHIELD180shield,2,15,6,6,3,0,1,1,1,0,3.906890596,Medium
SQ7B8wGrHh,2,10,5,3,2,0,1,1,1,0,3.321928095,Medium
9leiGx3E3a,2,10,2,5,3,0,1,1,1,0,3.121928095,Medium
SHIELD10shield,2,14,6,6,2,0,1,1,1,0,3.807354922,Medium
Pass0$,2,6,1,3,1,1,1,1,1,1,2.251629167,Medium
PG3HLhwwQ!%qu0@9r,4,17,5,6,3,3,1,1,1,1,3.969815782,Very Strong
Safe1#,2,6,1,3,1,1,1,1,1,1,2.584962501,Medium
Kwk@ozrYqFY7A^,4,14,5,6,1,2,1,1,1,1,3.664497779,Very Strong
b7rlT5OJ1z,2,10,3,4,3,0,1,1,1,0,3.321928095,Medium
PASS60pass,2,10,4,4,2,0,1,1,1,0,2.921928095,Medium
Shield3!,2,8,1,5,1,1,1,1,1,1,3,Medium
123450,1,6,0,0,6,0,0,0,1,0,2.584962501,Weak
Secure3!,2,8,1,5,1,1,1,1,1,1,2.75,Medium
SAFE130safe,2,11,4,4,3,0,1,1,1,0,3.459431619,Medium
SAFE0safe,2,9,4,4,1,0,1,1,1,0,3.169925001,Medium
asdfgh,0,6,0,6,0,0,0,1,0,0,2.584962501,Very Weak
qazwsx123,1,9,0,6,3,0,0,1,1,0,3.169925001,Weak
5GppuFFabG,2,10,4,5,1,0,1,1,1,0,2.721928095,Medium
SECURE160secure,2,15,6,6,3,0,1,1,1,0,3.640223929,Medium
mE73980dpCkiH9,4,14,3,5,6,0,1,1,1,0,3.664497779,Very Strong
uu7MWu9f,2,8,2,4,2,0,1,1,1,0,2.405639062,Medium
Shield18@,2,9,1,5,2,1,1,1,1,1,3.169925001,Medium
123456780,1,9,0,0,9,0,0,0,1,0,3.169925001,Weak
cQ2VzR1siwL72v!^uT,4,18,5,7,4,2,1,1,1,1,4.05881389,Very Strong
Guard7!,2,7,1,4,1,1,1,1,1,1,2.807354922,Medium
^!KE95ObLmRGyZh9,4,16,7,4,3,2,1,1,1,1,3.875,Very Strong
HYlKpR%gQwuL$uJdg,4,17,7,8,0,2,1,1,0,1,3.852168724,Very Strong
abc46,0,5,0,3,2,0,0,1,1,0,2.321928095,Very Weak
ZsITS1hN1M,2,10,6,2,2,0,1,1,1,0,3.121928095,Medium
6HyuzaSm4E,2,10,3,5,2,0,1,1,1,0,3.321928095,Medium
1234567890,1,10,0,0,10,0,0,0,1,0,3.321928095,Weak
TV4J$rwK9lY1v&v,4,15,5,5,3,2,1,1,1,1,3.773557262,Very Strong
151515,0,6,0,0,6,0,0,0,1,0,1,Very Weak
Pass9$,2,6,1,3,1,1,1,1,1,1,2.251629167,Medium
abc25,0,5,0,3,2,0,0,1,1,0,2.321928095,Very Weak
Guard6$,2,7,1,4,1,1,1,1,1,1,2.807354922,Medium
abc35,0,5,0,3,2,0,0,1,1,0,2.321928095,Very Weak
SAFE50safe,2,10,4,4,2,0,1,1,1,0,3.321928095,Medium
PASS170pass,2,11,4,4,3,0,1,1,1,0,3.095795255,Medium
1@Hxy3oufLx,3,11,2,6,2,1,1,1,1,1,3.277613437,Strong
Pass4!,2,6,1,3,1,1,1,1,1,1,2.251629167,Medium
abc123,0,6,0,3,3,0,0,1,1,0,2.584962501,Very Weak
101010,0,6,0,0,6,0,0,0,1,0,1,Very Weak
abc6,0,4,0,3,1,0,0,1,1,0,2,Very Weak
PASS90pass,2,10,4,4,2,0,1,1,1,0,2.921928095,Medium
1111110,1,7,0,0,7,0,0,0,1,0,0.591672779,Weak
67gS&m19!2E2JQrG,4,16,5,3,6,2,1,1,1,1,3.875,Very Strong
YtB3KeeKB,2,9,5,3,1,0,1,1,1,0,2.503258335,Medium
Secure15#,2,9,1,5,2,1,1,1,1,1,2.947702779,Medium
abc40,0,5,0,3,2,0,0,1,1,0,2.321928095,Very Weak
abc18,0,5,0,3,2,0,0,1,1,0,2.321928095,Very Weak
SAFE40safe,2,10,4,4,2,0,1,1,1,0,3.321928095,Medium
aU2yxtapX,2,9,2,6,1,0,1,1,1,0,2.947702779,Medium
SVgY8B3tA,2,9,5,2,2,0,1,1,1,0,3.169925001,Medium
2e8SR#PlPa,3,10,4,3,2,1,1,1,1,1,3.121928095,Strong
PASS130pass,2,11,4,4,3,0,1,1,1,0,3.095795255,Medium
1tSX3a1PLWs88K5yjh,4,18,6,6,6,0,1,1,1,0,3.947702779,Very Strong
abc13,0,5,0,3,2,0,0,1,1,0,2.321928095,Very Weak
kFqp3gmESVn72H8,4,15,5,6,4,0,1,1,1,0,3.906890596,Very Strong
6crVcme@i8S,3,11,2,6,2,1,1,1,1,1,3.277613437,Strong
SECURE70secure,2,14,6,6,2,0,1,1,1,0,3.521640636,Medium
yqF14IH5Xb,2,10,4,3,3,0,1,1,1,0,3.321928095,Medium
GUARD50guard,2,12,5,5,2,0,1,1,1,0,3.584962501,Medium
itA3r2wc,2,8,1,5,2,0,1,1,1,0,3,Medium
fd2iP7QbRY,2,10,4,4,2,0,1,1,1,0,3.321928095,Medium
SAFE110safe,2,11,4,4,3,0,1,1,1,0,3.277613437,Medium
iS9rzErv8mWnvXX,4,15,5,8,2,0,1,1,1,0,3.506890596,Very Strong
123456789,0,9,0,0,9,0,0,0,1,0,3.169925001,Very Weak
SAFE120safe,2,11,4,4,3,0,1,1,1,0,3.459431619,Medium
sEw@kt8lP@29NR,4,14,4,5,3,2,1,1,1,1,3.664497779,Very Strong
434343,0,6,0,0,6,0,0,0,1,0,1,Very Weak
SECURE170secure,2,15,6,6,3,0,1,1,1,0,3.640223929,Medium
2KG@6FK94!A8xj,4,14,5,2,5,2,1,1,1,1,3.664497779,Very Strong
Secure11!,2,9,1,5,2,1,1,1,1,1,2.725480557,Medium
Us!KBQKftb1vgq,4,14,5,7,1,1,1,1,1,1,3.664497779,Very Strong
Pass10@,2,7,1,3,2,1,1,1,1,1,2.521640636,Medium
424242,0,6,0,0,6,0,0,0,1,0,1,Very Weak
GUARD100guard,2,13,5,5,3,0,1,1,1,0,3.546593564,Medium
Secure12%,2,9,1,5,2,1,1,1,1,1,2.947702779,Medium
abc23,0,5,0,3,2,0,0,1,1,0,2.321928095,Very Weak
8anP1M3L,2,8,3,2,3,0,1,1,1,0,3,Medium
abc16,0,5,0,3,2,0,0,1,1,0,2.321928095,Very Weak
abc8,0,4,0,3,1,0,0,1,1,0,2,Very Weak
0NtoZKXPb,2,9,5,3,1,0,1,1,1,0,3.169925001,Medium
Safe18!,2,7,1,3,2,1,1,1,1,1,2.807354922,Medium
Shield8@,2,8,1,5,1,1,1,1,1,1,3,Medium
SECURE40secure,2,14,6,6,2,0,1,1,1,0,3.521640636,Medium
*78hTDxfNMEtGkmijJ,4,18,7,8,2,1,1,1,1,1,4.169925001,Very Strong
666,0,3,0,0,3,0,0,0,1,0,0,Very Weak
5h@ht6YRNcq,3,11,3,5,2,1,1,1,1,1,3.277613437,Strong
SECURE190secure,2,15,6,6,3,0,1,1,1,0,3.640223929,Medium
SAFE140safe,2,11,4,4,3,0,1,1,1,0,3.459431619,Medium
4FLDjMr9M,2,9,5,2,2,0,1,1,1,0,2.947702779,Medium
GUARD80guard,2,12,5,5,2,0,1,1,1,0,3.584962501,Medium
a80jU0h3,2,8,1,3,4,0,1,1,1,0,2.75,Medium
PASS50pass,2,10,4,4,2,0,1,1,1,0,2.921928095,Medium
Ak0xp7uU,2,8,2,4,2,0,1,1,1,0,3,Medium
IDVj4%GqE%SdgnQy#z,4,18,7,7,1,3,1,1,1,1,4.05881389,Very Strong
123452,1,6,0,0,6,0,0,0,1,0,2.251629167,Weak
242424,0,6,0,0,6,0,0,0,1,0,1,Very Weak
1234567892,1,10,0,0,10,0,0,0,1,0,3.121928095,Weak
123456781,1,9,0,0,9,0,0,0,1,0,2.947702779,Weak
s0I9B0yvppFyAKjUw,4,17,6,8,3,0,1,1,1,0,3.734521665,Very Strong
1234567,0,7,0,0,7,0,0,0,1,0,2.807354922,Very Weak
SHIELD70shield,2,14,6,6,2,0,1,1,1,0,3.807354922,Medium
SHIELD160shield,2,15,6,6,3,0,1,1,1,0,3.906890596,Medium
252525,0,6,0,0,6,0,0,0,1,0,1,Very Weak
GUARD140guard,2,13,5,5,3,0,1,1,1,0,3.700439718,Medium
monkey,0,6,0,6,0,0,0,1,0,0,2.584962501,Very Weak
PASS20pass,2,10,4,4,2,0,1,1,1,0,2.921928095,Medium
131313,0,6,0,0,6,0,0,0,1,0,1,Very Weak
RcZBf43S,2,8,4,2,2,0,1,1,1,0,3,Medium
Pass18#,2,7,1,3,2,1,1,1,1,1,2.521640636,Medium
byq2d2UazpK2@Gn,4,15,3,8,3,1,1,1,1,1,3.589898095,Very Strong
SECURE120secure,2,15,6,6,3,0,1,1,1,0,3.640223929,Medium
VxoAVkE5T,2,9,5,3,1,0,1,1,1,0,2.947702779,Medium
Guard4$,2,7,1,4,1,1,1,1,1,1,2.807354922,Medium
Dt$Qug1hcMcIa$,4,14,4,7,1,2,1,1,1,1,3.521640636,Very Strong
MUnO34FpHe7y6UHY&v,4,18,8,5,4,1,1,1,1,1,3.947702779,Very Strong
Shield13@,2,9,1,5,2,1,1,1,1,1,3.169925001,Medium
SAFE20safe,2,10,4,4,2,0,1,1,1,0,3.321928095,Medium
Secure8@,2,8,1,5,1,1,1,1,1,1,2.75,Medium
SECURE100secure,2,15,6,6,3,0,1,1,1,0,3.506890596,Medium
Guard12!,2,8,1,4,2,1,1,1,1,1,3,Medium
NhSzll^SS9gX8Y*,4,15,6,5,2,2,1,1,1,1,3.456564762,Very Strong
Safe10%,2,7,1,3,2,1,1,1,1,1,2.807354922,Medium
W$@zAFtNBl5ObE4^,4,16,7,4,2,3,1,1,1,1,4,Very Strong
IfMhoRq7k*#xbwUK,4,16,5,8,1,2,1,1,1,1,4,Very Strong
h#uUcqOqbT*VNCJ,4,15,7,6,0,2,1,1,0,1,3.773557262,Very Strong
^r!j2Ib0Se^Zm7,4,14,3,5,3,3,1,1,1,1,3.664497779,Very Strong
Guard16@,2,8,1,4,2,1,1,1,1,1,3,Medium
SHIELD190shield,2,15,6,6,3,0,1,1,1,0,3.906890596,Medium
Safe19!,2,7,1,3,2,1,1,1,1,1,2.807354922,Medium
eH@5nayalU3l,3,12,2,7,2,1,1,1,1,1,3.251629167,Strong
Secure5#,2,8,1,5,1,1,1,1,1,1,2.75,Medium
Pass5@,2,6,1,3,1,1,1,1,1,1,2.251629167,Medium
abc14,0,5,0,3,2,0,0,1,1,0,2.321928095,Very Weak
Secure13@,2,9,1,5,2,1,1,1,1,1,2.947702779,Medium
6zfTc0A3b9,2,10,2,4,4,0,1,1,1,0,3.321928095,Medium
PASS190pass,2,11,4,4,3,0,1,1,1,0,3.095795255,Medium
Guard19!,2,8,1,4,2,1,1,1,1,1,3,Medium
Safe14$,2,7,1,3,2,1,1,1,1,1,2.807354922,Medium
abc45,0,5,0,3,2,0,0,1,1,0,2.321928095,Very Weak
abc19,0,5,0,3,2,0,0,1,1,0,2.321928095,Very Weak
KFHhEjhg2,2,9,4,4,1,0,1,1,1,0,2.947702779,Medium
password,0,8,0,8,0,0,0,1,0,0,2.75,Very Weak
4scUA1Ekee2AGvM,4,15,6,6,3,0,1,1,1,0,3.640223929,Very Strong
3fvry8dpXC,2,10,2,6,2,0,1,1,1,0,3.321928095,Medium
abc17,0,5,0,3,2,0,0,1,1,0,2.321928095,Very Weak
mj9fzFcQtb,2,10,2,7,1,0,1,1,1,0,3.321928095,Medium
333333,0,6,0,0,6,0,0,0,1,0,0,Very Weak
Secure7#,2,8,1,5,1,1,1,1,1,1,2.75,Medium
abc9,0,4,0,3,1,0,0,1,1,0,2,Very Weak
0CY#i3WSixv,3,11,4,4,2,1,1,1,1,1,3.277613437,Strong
Safe16!,2,7,1,3,2,1,1,1,1,1,2.807354922,Medium
mH7lT8#fF4MS,3,12,5,3,3,1,1,1,1,1,3.584962501,Strong
8fx*O6SS60qcaWbH0,4,17,5,6,5,1,1,1,1,1,3.734521665,Very Strong
EkVR#ba7@0Z,3,11,4,3,2,2,1,1,1,1,3.459431619,Strong
i5aybfHE,2,8,2,5,1,0,1,1,1,0,3,Medium
abc38,0,5,0,3,2,0,0,1,1,0,2.321928095,Very Weak
Shield14!,2,9,1,5,2,1,1,1,1,1,3.169925001,Medium
3Am08LGQEw1o1uX,4,15,6,4,5,0,1,1,1,0,3.773557262,Very Strong
191919,0,6,0,0,6,0,0,0,1,0,1,Very Weak
Shield17%,2,9,1,5,2,1,1,1,1,1,3.169925001,Medium
SAFE160safe,2,11,4,4,3,0,1,1,1,0,3.459431619,Medium
Safe5@,2,6,1,3,1,1,1,1,1,1,2.584962501,Medium
